case,input_bytes,baseline_encode_l2_gas,candidate_encode_l2_gas,change_percent
a5_0,0,16070,16070,0.0000
a5_1,1,42150,42150,0.0000
a5_2,2,55070,55070,0.0000
a5_3,3,66580,66580,0.0000
a5_4,4,83300,83300,0.0000
a5_5,5,96220,96220,0.0000
a5_6,6,87570,87570,0.0000
a5_7,7,95070,95070,0.0000
a5_8,8,98400,98400,0.0000
a5_9,9,103900,103900,0.0000
a5_10,10,111400,111400,0.0000
a5_11,11,114730,114730,0.0000
a5_12,12,120230,120230,0.0000
a5_22,22,201690,201690,0.0000
a5_23,23,205020,205020,0.0000
a5_24,24,210650,210650,0.0000
a5_30,30,243310,243310,0.0000
a5_31,31,257630,257630,0.0000
a5_32,32,282680,282680,0.0000
a5_33,33,288180,288180,0.0000
a5_45,45,353500,353500,0.0000
a5_46,46,364090,364090,0.0000
a5_47,47,389400,389400,0.0000
a5_48,48,394930,394930,0.0000
a5_61,61,467750,467750,0.0000
a5_62,62,477900,477900,0.0000
a5_63,63,505120,505120,0.0000
a5_64,64,512620,512620,0.0000
a5_91,91,687170,687170,0.0000
a5_92,92,690600,690600,0.0000
a5_93,93,352120,346540,-1.5847
a5_94,94,426970,421390,-1.3069
a5_95,95,430300,424720,-1.2968
a5_96,96,431770,426190,-1.2924
a5_127,127,657280,651700,-0.8490
a5_128,128,660610,655030,-0.8447
a5_129,129,666110,660530,-0.8377
a5_255,255,1225270,1217890,-0.6023
a5_256,256,1237130,1229750,-0.5965
a5_257,257,1240490,1233110,-0.5949
a5_511,511,2011980,1999200,-0.6352
a5_512,512,2037290,2024510,-0.6273
a5_513,513,2042820,2030040,-0.6256
a5_1023,1023,3563920,3540340,-0.6616
a5_1024,1024,3638770,3615190,-0.6480
a5_1025,1025,3642100,3618520,-0.6474
a5_2047,2047,7171750,7128370,-0.6049
a5_2048,2048,7175080,7131700,-0.6046
a5_2049,2049,7176550,7133170,-0.6045
a5_4095,4095,14242510,14159530,-0.5826
a5_4096,4096,14250010,14167030,-0.5823
a5_4097,4097,14253340,14170360,-0.5822
a5_8191,8191,28398260,28236080,-0.5711
a5_8192,8192,28401590,28239410,-0.5710
a5_8193,8193,28407090,28244910,-0.5709
a5_16383,16383,56703590,56383010,-0.5654
a5_16384,16384,56733370,56412790,-0.5651
a5_16385,16385,56736700,56416120,-0.5650
zero_3,3,66580,66580,0.0000
zero_31,31,257630,257630,0.0000
zero_32,32,282680,282680,0.0000
zero_93,93,352120,346540,-1.5847
zero_1024,1024,3638770,3615190,-0.6480
zero_8192,8192,28401590,28239410,-0.5710
zero_8193,8193,28407090,28244910,-0.5709
zero_16384,16384,56733370,56412790,-0.5651
ff_3,3,66580,66580,0.0000
ff_31,31,257630,257630,0.0000
ff_32,32,282680,282680,0.0000
ff_93,93,352120,346540,-1.5847
ff_1024,1024,3638770,3615190,-0.6480
ff_8192,8192,28401590,28239410,-0.5710
ff_8193,8193,28407090,28244910,-0.5709
ff_16384,16384,56733370,56412790,-0.5651
ascending_3,3,66580,66580,0.0000
ascending_31,31,257630,257630,0.0000
ascending_32,32,282680,282680,0.0000
ascending_93,93,352120,346540,-1.5847
ascending_1024,1024,3638770,3615190,-0.6480
ascending_8192,8192,28401590,28239410,-0.5710
ascending_8193,8193,28407090,28244910,-0.5709
ascending_16384,16384,56733370,56412790,-0.5651
alternating_3,3,66580,66580,0.0000
alternating_31,31,257630,257630,0.0000
alternating_32,32,282680,282680,0.0000
alternating_93,93,352120,346540,-1.5847
alternating_1024,1024,3638770,3615190,-0.6480
alternating_8192,8192,28401590,28239410,-0.5710
alternating_8193,8193,28407090,28244910,-0.5709
alternating_16384,16384,56733370,56412790,-0.5651
pseudorandom_3,3,66580,66580,0.0000
pseudorandom_31,31,257630,257630,0.0000
pseudorandom_32,32,282680,282680,0.0000
pseudorandom_93,93,352120,346540,-1.5847
pseudorandom_1024,1024,3638770,3615190,-0.6480
pseudorandom_8192,8192,28401590,28239410,-0.5710
pseudorandom_8193,8193,28407090,28244910,-0.5709
pseudorandom_16384,16384,56733370,56412790,-0.5651
text_3,3,66580,66580,0.0000
text_31,31,257630,257630,0.0000
text_32,32,282680,282680,0.0000
text_93,93,352120,346540,-1.5847
text_1024,1024,3638770,3615190,-0.6480
text_8192,8192,28401590,28239410,-0.5710
text_8193,8193,28407090,28244910,-0.5709
text_16384,16384,56733370,56412790,-0.5651
