case,pattern,input_bytes,encoded_bytes,input_len_l2_gas,encode_len_l2_gas,encode_l2_gas,scalar_control_delta_l2_gas,return_shape_delta_l2_gas
a5_0,a5,0,0,12600,15470,16070,2870,600
a5_1,a5,1,4,12600,41550,42150,28950,600
a5_2,a5,2,4,12600,54470,55070,41870,600
a5_3,a5,3,4,12600,65980,66580,53380,600
a5_4,a5,4,8,12600,82700,83300,70100,600
a5_5,a5,5,8,12600,95620,96220,83020,600
a5_6,a5,6,8,12600,86970,87570,74370,600
a5_7,a5,7,12,12600,94470,95070,81870,600
a5_8,a5,8,12,12600,97800,98400,85200,600
a5_9,a5,9,12,12600,103300,103900,90700,600
a5_10,a5,10,16,12600,110800,111400,98200,600
a5_11,a5,11,16,12600,114130,114730,101530,600
a5_12,a5,12,16,12600,119630,120230,107030,600
a5_22,a5,22,32,12600,199520,201690,186920,2170
a5_23,a5,23,32,12600,202850,205020,190250,2170
a5_24,a5,24,32,12600,208480,210650,195880,2170
a5_30,a5,30,40,12600,241140,243310,228540,2170
a5_31,a5,31,44,15280,255460,257630,240180,2170
a5_32,a5,32,44,15280,280510,282680,265230,2170
a5_33,a5,33,44,15280,286010,288180,270730,2170
a5_45,a5,45,60,15280,351330,353500,336050,2170
a5_46,a5,46,64,15280,360350,364090,345070,3740
a5_47,a5,47,64,15280,385660,389400,370380,3740
a5_48,a5,48,64,15280,391190,394930,375910,3740
a5_61,a5,61,84,15280,464010,467750,448730,3740
a5_62,a5,62,84,17960,474160,477900,456200,3740
a5_63,a5,63,84,17960,501380,505120,483420,3740
a5_64,a5,64,88,17960,508880,512620,490920,3740
a5_91,a5,91,124,17960,680290,687170,662330,6880
a5_92,a5,92,124,17960,683720,690600,665760,6880
a5_93,a5,93,124,20640,345240,352120,324600,6880
a5_94,a5,94,128,20640,420090,426970,399450,6880
a5_95,a5,95,128,20640,423420,430300,402780,6880
a5_96,a5,96,128,20640,424890,431770,404250,6880
a5_127,a5,127,172,23320,648830,657280,625510,8450
a5_128,a5,128,172,23320,652160,660610,628840,8450
a5_129,a5,129,172,23320,657660,666110,634340,8450
a5_255,a5,255,340,34040,1208970,1225270,1174930,16300
a5_256,a5,256,344,34040,1219260,1237130,1185220,17870
a5_257,a5,257,344,34040,1222620,1240490,1188580,17870
a5_511,a5,511,684,55480,1976840,2011980,1921360,35140
a5_512,a5,512,684,55480,2002150,2037290,1946670,35140
a5_513,a5,513,684,55480,2007680,2042820,1952200,35140
a5_1023,a5,1023,1364,101040,3494240,3563920,3393200,69680
a5_1024,a5,1024,1368,101040,3569090,3638770,3468050,69680
a5_1025,a5,1025,1368,101040,3572420,3642100,3471380,69680
a5_2047,a5,2047,2732,189480,7032990,7171750,6843510,138760
a5_2048,a5,2048,2732,189480,7036320,7175080,6846840,138760
a5_2049,a5,2049,2732,189480,7037790,7176550,6848310,138760
a5_4095,a5,4095,5460,366360,13965590,14242510,13599230,276920
a5_4096,a5,4096,5464,366360,13973090,14250010,13606730,276920
a5_4097,a5,4097,5464,366360,13976420,14253340,13610060,276920
a5_8191,a5,8191,10924,720120,27845020,28398260,27124900,553240
a5_8192,a5,8192,10924,720120,27848350,28401590,27128230,553240
a5_8193,a5,8193,10924,720120,27853850,28407090,27133730,553240
a5_16383,a5,16383,21844,1427640,55597710,56703590,54170070,1105880
a5_16384,a5,16384,21848,1427640,55627490,56733370,54199850,1105880
a5_16385,a5,16385,21848,1427640,55630820,56736700,54203180,1105880
zero_3,zero,3,4,12600,65980,66580,53380,600
zero_31,zero,31,44,15280,255460,257630,240180,2170
zero_32,zero,32,44,15280,280510,282680,265230,2170
zero_93,zero,93,124,20640,345240,352120,324600,6880
zero_1024,zero,1024,1368,101040,3569090,3638770,3468050,69680
zero_8192,zero,8192,10924,720120,27848350,28401590,27128230,553240
zero_8193,zero,8193,10924,720120,27853850,28407090,27133730,553240
zero_16384,zero,16384,21848,1427640,55627490,56733370,54199850,1105880
ff_3,ff,3,4,12600,65980,66580,53380,600
ff_31,ff,31,44,15280,255460,257630,240180,2170
ff_32,ff,32,44,15280,280510,282680,265230,2170
ff_93,ff,93,124,20640,345240,352120,324600,6880
ff_1024,ff,1024,1368,101040,3569090,3638770,3468050,69680
ff_8192,ff,8192,10924,720120,27848350,28401590,27128230,553240
ff_8193,ff,8193,10924,720120,27853850,28407090,27133730,553240
ff_16384,ff,16384,21848,1427640,55627490,56733370,54199850,1105880
ascending_3,ascending,3,4,12600,65980,66580,53380,600
ascending_31,ascending,31,44,15280,255460,257630,240180,2170
ascending_32,ascending,32,44,15280,280510,282680,265230,2170
ascending_93,ascending,93,124,20640,345240,352120,324600,6880
ascending_1024,ascending,1024,1368,101040,3569090,3638770,3468050,69680
ascending_8192,ascending,8192,10924,720120,27848350,28401590,27128230,553240
ascending_8193,ascending,8193,10924,720120,27853850,28407090,27133730,553240
ascending_16384,ascending,16384,21848,1427640,55627490,56733370,54199850,1105880
alternating_3,alternating,3,4,12600,65980,66580,53380,600
alternating_31,alternating,31,44,15280,255460,257630,240180,2170
alternating_32,alternating,32,44,15280,280510,282680,265230,2170
alternating_93,alternating,93,124,20640,345240,352120,324600,6880
alternating_1024,alternating,1024,1368,101040,3569090,3638770,3468050,69680
alternating_8192,alternating,8192,10924,720120,27848350,28401590,27128230,553240
alternating_8193,alternating,8193,10924,720120,27853850,28407090,27133730,553240
alternating_16384,alternating,16384,21848,1427640,55627490,56733370,54199850,1105880
pseudorandom_3,pseudorandom,3,4,12600,65980,66580,53380,600
pseudorandom_31,pseudorandom,31,44,15280,255460,257630,240180,2170
pseudorandom_32,pseudorandom,32,44,15280,280510,282680,265230,2170
pseudorandom_93,pseudorandom,93,124,20640,345240,352120,324600,6880
pseudorandom_1024,pseudorandom,1024,1368,101040,3569090,3638770,3468050,69680
pseudorandom_8192,pseudorandom,8192,10924,720120,27848350,28401590,27128230,553240
pseudorandom_8193,pseudorandom,8193,10924,720120,27853850,28407090,27133730,553240
pseudorandom_16384,pseudorandom,16384,21848,1427640,55627490,56733370,54199850,1105880
text_3,text,3,4,12600,65980,66580,53380,600
text_31,text,31,44,15280,255460,257630,240180,2170
text_32,text,32,44,15280,280510,282680,265230,2170
text_93,text,93,124,20640,345240,352120,324600,6880
text_1024,text,1024,1368,101040,3569090,3638770,3468050,69680
text_8192,text,8192,10924,720120,27848350,28401590,27128230,553240
text_8193,text,8193,10924,720120,27853850,28407090,27133730,553240
text_16384,text,16384,21848,1427640,55627490,56733370,54199850,1105880
